{
  "x": [
    -1.7615500688552856,
    -1.0859723091125488,
    -1.0714339017868042,
    0.05166894942522049,
    0.051841624081134796,
    0.08634904026985168,
    0.08636941015720367,
    0.10742737352848053,
    0.10754093527793884,
    0.11061183363199234,
    0.11063185334205627,
    0.11086048930883408,
    0.11086202412843704,
    0.12555184960365295,
    0.12556441128253937,
    0.14525841176509857,
    0.14530734717845917,
    0.17140665650367737,
    0.171428382396698,
    0.17725469172000885,
    0.17725925147533417,
    0.2088150978088379,
    0.20883318781852722,
    0.23182888329029083,
    0.23184993863105774,
    0.4947778880596161,
    0.49516862630844116,
    0.9411265850067139,
    0.9498427510261536,
    0.9744425415992737,
    1.0292069911956787
  ],
  "y": [
    -0.37604334503412234,
    -0.24092779308557505,
    -0.23496720194816584,
    -0.01034663170576096,
    0.023133127391338347,
    0.03003461062908172,
    0.06021686494350433,
    0.0644284576177597,
    0.07104220688343048,
    0.07165638655424118,
    0.07660637497901916,
    0.07665210217237473,
    0.08000506907701492,
    0.0829430341720581,
    0.08979935348033904,
    0.09373815357685089,
    0.11282649934291838,
    0.11804636120796203,
    0.12390483617782591,
    0.1250700980424881,
    0.13028717935085296,
    0.1365983486175537,
    0.14628691077232361,
    0.15088604986667634,
    0.16904266476631163,
    0.2216282546520233,
    0.2598916411399841,
    0.3490832328796386,
    0.7211685299873352,
    0.8128885388374328,
    0.8238414287567138
  ]
}