{
  "rt": [
    [
      0.9150302410125732
    ]
  ],
  "rt_prediction": [
    [
      0.9150302410125732
    ]
  ],
  "prediction": [
    [
      0.9150302410125732
    ]
  ],
  "aleatoric_uncertainty": [
    [
      1.446853518486023
    ]
  ],
  "epistemic_uncertainty": [
    [
      0.00013370519445743412
    ]
  ],
  "total_uncertainty": [
    [
      1.446987271308899
    ]
  ],
  "attention_weights": [
    [
      0.007803843356668949,
      0.007715791463851929,
      0.00800023227930069,
      0.007571577560156584,
      0.007751907221972942,
      0.007544663734734058,
      0.007886048406362534,
      0.007303597871214151,
      0.007598422467708588,
      0.007840761914849281,
      0.007510914001613855,
      0.008239996619522572,
      0.007455619517713785,
      0.008089316077530384,
      0.007995691150426865,
      0.007954709231853485,
      0.007914846763014793,
      0.00775241618975997,
      0.00808452907949686,
      0.007285894826054573,
      0.0076975394040346146,
      0.007712606340646744,
      0.007464240770787001,
      0.007628553546965122,
      0.007647080812603235,
      0.008017659187316895,
      0.007835880853235722,
      0.007862896658480167,
      0.007808317430317402,
      0.007297695614397526,
      0.008182039484381676,
      0.008058417588472366,
      0.007858533412218094,
      0.008317063562572002,
      0.0074546183459460735,
      0.007602182682603598,
      0.007536640856415033,
      0.007845746353268623,
      0.007770393043756485,
      0.007268804125487804,
      0.0075510782189667225,
      0.007519923150539398,
      0.0079918522387743,
      0.007440194021910429,
      0.007895910181105137,
      0.008424859493970871,
      0.008114027790725231,
      0.007716804277151823,
      0.008136885240674019,
      0.007728344760835171,
      0.007834977470338345,
      0.008343168534338474,
      0.007835416123270988,
      0.0076936655677855015,
      0.007591940462589264,
      0.0077244290150702,
      0.00769431609660387,
      0.007990913465619087,
      0.0075226835906505585,
      0.007989156059920788,
      0.007770351599901915,
      0.007944905199110508,
      0.0077023981139063835,
      0.00820908509194851,
      0.007256377954035997,
      0.007528046146035194,
      0.008064490742981434,
      0.007571361027657986,
      0.007327370811253786,
      0.007771819829940796,
      0.007739691063761711,
      0.007694820407778025,
      0.007501367945224047,
      0.007512933574616909,
      0.007853963412344456,
      0.007866745814681053,
      0.007836400531232357,
      0.007923613302409649,
      0.007869910448789597,
      0.008004151284694672,
      0.00786414835602045,
      0.008147996850311756,
      0.007716445717960596,
      0.007528265938162804,
      0.007717494387179613,
      0.008125506341457367,
      0.00756344897672534,
      0.008001541718840599,
      0.007630002684891224,
      0.007559334393590689,
      0.007566047366708517,
      0.00780049292370677,
      0.007795766461640596,
      0.00805588811635971,
      0.007986065000295639,
      0.007602039724588394,
      0.007678327150642872,
      0.007585892919450998,
      0.007361925672739744,
      0.00784944836050272,
      0.007926926016807556,
      0.007292434573173523,
      0.007868975400924683,
      0.007590182591229677,
      0.007288405206054449,
      0.0076179481111466885,
      0.007729566190391779,
      0.007623883429914713,
      0.007561337202787399,
      0.007684310898184776,
      0.007710054516792297,
      0.007736522238701582,
      0.00825577788054943,
      0.007573343813419342,
      0.007640551310032606,
      0.007841224782168865,
      0.007608906365931034,
      0.007524794898927212,
      0.008513479493558407,
      0.007781698368489742,
      0.007166390307247639,
      0.008151131682097912,
      0.007660598494112492,
      0.0077809724025428295,
      0.007957817055284977,
      0.0076974607072770596,
      0.007515761069953442,
      0.007309449836611748,
      0.007395959459245205
    ]
  ]
}