epoch,train_loss,train_eval_loss,train_acc,test_eval_loss,test_acc
10,0.0394702,0.000246148,0.995334,0.000262921,0.997452
20,0.0353336,0.000176694,0.995334,0.000190804,0.996178
30,0.0336766,0.000126669,0.995645,0.000137085,0.997452
40,0.0328653,9.73489e-05,0.995334,0.000105293,0.997452
50,0.0308647,9.192e-05,0.995645,9.66726e-05,0.997452
