{
  "rt": [
    [
      -0.25985288619995117
    ]
  ],
  "rt_prediction": [
    [
      -0.25985288619995117
    ]
  ],
  "prediction": [
    [
      -0.25985288619995117
    ]
  ],
  "aleatoric_uncertainty": [
    [
      1.4475793838500977
    ]
  ],
  "epistemic_uncertainty": [
    [
      0.0001211567287100479
    ]
  ],
  "total_uncertainty": [
    [
      1.4477005004882812
    ]
  ],
  "attention_weights": [
    [
      0.007417288143187761,
      0.00708486745133996,
      0.007467689458280802,
      0.008041308261454105,
      0.007533934898674488,
      0.008048183284699917,
      0.007292822003364563,
      0.007942143827676773,
      0.007592132780700922,
      0.007800596300512552,
      0.007452985737472773,
      0.007483703549951315,
      0.007440194953233004,
      0.007488658186048269,
      0.008238697424530983,
      0.007477560080587864,
      0.007781020365655422,
      0.007952897809445858,
      0.00795063842087984,
      0.0074747102335095406,
      0.008649209514260292,
      0.0077486964873969555,
      0.007646642159670591,
      0.008188320323824883,
      0.007790424395352602,
      0.007816520519554615,
      0.008120189420878887,
      0.008188166655600071,
      0.007669193670153618,
      0.0076031810604035854,
      0.007406890857964754,
      0.007535640615969896,
      0.007709947414696217,
      0.007819230668246746,
      0.008078291080892086,
      0.008014625869691372,
      0.007253159303218126,
      0.007835326716303825,
      0.007759478874504566,
      0.007587871048599482,
      0.007469972595572472,
      0.008041451685130596,
      0.007359146606177092,
      0.008075621910393238,
      0.007856491021811962,
      0.008128681220114231,
      0.007389851845800877,
      0.008150412701070309,
      0.0075914873741567135,
      0.007743888534605503,
      0.008515998721122742,
      0.007719799876213074,
      0.007437022868543863,
      0.007686593569815159,
      0.007552007213234901,
      0.007887682877480984,
      0.007761999033391476,
      0.007854646071791649,
      0.008145026862621307,
      0.007651172112673521,
      0.008279383182525635,
      0.008372672833502293,
      0.0075196390971541405,
      0.007784427143633366,
      0.008184735663235188,
      0.007900008000433445,
      0.007540956139564514,
      0.007624443154782057,
      0.00780273275449872,
      0.007516976911574602,
      0.007170727010816336,
      0.007819296792149544,
      0.008336903527379036,
      0.00744497450068593,
      0.007397172972559929,
      0.008147804997861385,
      0.007145868614315987,
      0.0076279416680336,
      0.00753277912735939,
      0.007719154469668865,
      0.007946505211293697,
      0.00788322277367115,
      0.008215820416808128,
      0.008022491820156574,
      0.00777721032500267,
      0.007595710922032595,
      0.007844622246921062,
      0.007682856172323227,
      0.00758530804887414,
      0.007750383112579584,
      0.007839330472052097,
      0.008037802763283253,
      0.007943667471408844,
      0.00766364298760891,
      0.007354507222771645,
      0.007541646249592304,
      0.007782896980643272,
      0.007840121164917946,
      0.00771980220451951,
      0.00771785993129015,
      0.007662416435778141,
      0.007953830063343048,
      0.008153706789016724,
      0.00761641189455986,
      0.0074861012399196625,
      0.007767833769321442,
      0.0074865007773041725,
      0.008436703123152256,
      0.007179285865277052,
      0.007749458774924278,
      0.007907847873866558,
      0.008278253488242626,
      0.007712830789387226,
      0.00753510557115078,
      0.007345124613493681,
      0.007660931441932917,
      0.00771708507090807,
      0.007571491412818432,
      0.007562771439552307,
      0.007210397161543369,
      0.007852845825254917,
      0.008155758492648602,
      0.007890421897172928,
      0.00743817538022995,
      0.007365143392235041,
      0.007611090317368507,
      0.007704650051891804,
      0.007928495295345783,
      0.008043200708925724
    ]
  ]
}