{
  "schema": "bef_sketch_v1",
  "trace_id": "trace_demo",
  "field_modulus": 2305843009213693951,
  "seed": 12648430,
  "length": 6,
  "challenge": 1019915455267273130,
  "global_sketch": 1559513131137573075,
  "challenges": [
    1019915455267273130,
    1803216145680664283,
    1655242733629442938,
    1078547096230348193
  ],
  "global_sketch_vec": [
    1559513131137573075,
    679592713822927530,
    1144446286022556375,
    2023726613435135842
  ],
  "trace_commitment": {
    "len": 6,
    "root_hex": "a4da2b924ff0e3ed8e7e2f4fdc264be35f0ada1745ec7e44fb9d2f89c05384cb",
    "challenges": [
      1019915455267273130,
      1803216145680664283,
      1655242733629442938,
      1078547096230348193
    ],
    "sketches": [
      1559513131137573075,
      679592713822927530,
      1144446286022556375,
      2023726613435135842
    ]
  },
  "commitment_root": "a4da2b924ff0e3ed8e7e2f4fdc264be35f0ada1745ec7e44fb9d2f89c05384cb",
  "chunks": [
    {
      "chunk_index": 0,
      "offset": 0,
      "length": 3,
      "root_hex": "85565861590a3d33896c79bdff5391572184270c48fc27c7b70353a1ba4d71ea",
      "sketch_vec": [
        1073218627165082906,
        1478099691085426420,
        1160104565006267776,
        2175295902157152040
      ]
    },
    {
      "chunk_index": 1,
      "offset": 3,
      "length": 3,
      "root_hex": "87dac2dbdc0b8e464a89f2f856c8e2fb4d09e88c7aec13f656250a35e17886f5",
      "sketch_vec": [
        486294503972490169,
        1507336031951195061,
        2290184730229982550,
        2154273720491677753
      ]
    }
  ],
  "timing_ms": {
    "cuda_rpow": 18.307430000277236,
    "cuda_chunks": 2.569027001300128,
    "cuda_fused_global": 18.307430000277236,
    "cuda_fused_chunks": 2.569027001300128
  }
}