{
  "rt": [
    [
      0.7470099925994873
    ]
  ],
  "rt_prediction": [
    [
      0.7470099925994873
    ]
  ],
  "prediction": [
    [
      0.7470099925994873
    ]
  ],
  "aleatoric_uncertainty": [
    [
      1.4468493461608887
    ]
  ],
  "epistemic_uncertainty": [
    [
      0.00012714021431747824
    ]
  ],
  "total_uncertainty": [
    [
      1.4469765424728394
    ]
  ],
  "attention_weights": [
    [
      0.007911544293165207,
      0.007722956594079733,
      0.008094064891338348,
      0.007330645807087421,
      0.007756270933896303,
      0.007919304072856903,
      0.008044090121984482,
      0.00730952387675643,
      0.007818466983735561,
      0.00787309929728508,
      0.00774123752489686,
      0.0075041064992547035,
      0.007603723555803299,
      0.007401841692626476,
      0.007337179966270924,
      0.00795210711658001,
      0.008383547887206078,
      0.0077545917592942715,
      0.0077130054123699665,
      0.007755090016871691,
      0.008001378737390041,
      0.008043420501053333,
      0.007737675681710243,
      0.007557647302746773,
      0.007618153467774391,
      0.007955333217978477,
      0.008282412774860859,
      0.007758267689496279,
      0.0077513959258794785,
      0.007582381367683411,
      0.007887826301157475,
      0.007967560552060604,
      0.007868140004575253,
      0.007971423678100109,
      0.007799646817147732,
      0.008074662648141384,
      0.007389183156192303,
      0.008201192133128643,
      0.008137641474604607,
      0.007960060611367226,
      0.008292649872601032,
      0.007492066361010075,
      0.007793565280735493,
      0.007739324122667313,
      0.007725737988948822,
      0.007418081630021334,
      0.007846795953810215,
      0.007996773347258568,
      0.007308740634471178,
      0.0076200771145522594,
      0.007737514562904835,
      0.007924748584628105,
      0.007755594793707132,
      0.007650857791304588,
      0.007896958850324154,
      0.007929583080112934,
      0.00783408060669899,
      0.008115011267364025,
      0.007598996162414551,
      0.007601090706884861,
      0.008038654923439026,
      0.007448271382600069,
      0.007823538966476917,
      0.007708850782364607,
      0.007691580336540937,
      0.007794520352035761,
      0.007462712470442057,
      0.007566248066723347,
      0.007600428070873022,
      0.007287915796041489,
      0.008002850227057934,
      0.007852684706449509,
      0.007571771275252104,
      0.0076987347565591335,
      0.007929816842079163,
      0.007791868876665831,
      0.007446243427693844,
      0.007393079809844494,
      0.007998114451766014,
      0.0074708289466798306,
      0.007448879070580006,
      0.007403659634292126,
      0.007755443453788757,
      0.007791937328875065,
      0.007798271253705025,
      0.007552087306976318,
      0.00783607829362154,
      0.0078822560608387,
      0.008033243007957935,
      0.008146527223289013,
      0.007607003208249807,
      0.007333509624004364,
      0.00791285652667284,
      0.007811385672539473,
      0.007618292234838009,
      0.007374787703156471,
      0.008018352091312408,
      0.007205971051007509,
      0.0073057846166193485,
      0.007963820360600948,
      0.007436636369675398,
      0.007539864629507065,
      0.0077851503156125546,
      0.00782242976129055,
      0.0081099858507514,
      0.008151725865900517,
      0.007781132590025663,
      0.007636950351297855,
      0.00790324341505766,
      0.007669270038604736,
      0.007733848877251148,
      0.007515219040215015,
      0.007399595808237791,
      0.008138729259371758,
      0.007863429374992847,
      0.007460564374923706,
      0.007434752769768238,
      0.00795756746083498,
      0.008000954054296017,
      0.007752502337098122,
      0.007607478182762861,
      0.007848910987377167,
      0.007799878250807524,
      0.007583668455481529,
      0.007550197187811136,
      0.007846592925488949,
      0.007775382604449987,
      0.008004812523722649,
      0.007760549429804087
    ]
  ]
}