{"expected_mean":0.0,"expected_var":1.0,"mean":0.0038223617594923113,"n_paths":10000,"stderr":0.01,"t_final":1.0,"var":0.9812153314372489}