{"differences":{"ci_change_pct":0.0,"mean_drift":0.0,"var_change_pct":0.0},"multi_thread":{"ci_width":0.011464567807418084,"mean":1.1622576893032683,"var":0.08553487805269101},"single_thread":{"ci_width":0.011464567807418084,"mean":1.1622576893032683,"var":0.08553487805269101}}