{"ks_pvalue":0.6214242978301417,"mu_hat":0.14007800302505038,"mu_theory":0.13875,"n_paths":10000,"sigma2_hat":0.12018045676300315,"sigma2_theory":0.12249999999999998}